comunidad,plataforma,URL,tematica,ubicacion,actividad,nivel_tecnico,prioridad,fecha_entrada,ultima_interaccion,temas_aprendidos,aportaciones_realizadas,proyecto_compartido,feedback_recibido,proximo_paso
SportsDataverse (hoopR),GitHub / Web,https://sportsdataverse.org,Basketball Analytics & Data Standards,Global / Online,Alta,Avanzado,TOP 5,2026-08-19,,Estructura de crosswalks de jugadores ESPN/NBA en hoopR 3.1.0,,Ninguno,,Explorar repositorio hoopR y seguir hilos en GitHub
PySport Community,Web / GitHub / Meetups,https://pysport.org,Open Source Sports Analytics en Python,Global / Europa,Alta,Avanzado,TOP 5,2026-08-19,,Ecosistema de paquetes Python para datos deportivos,,Ninguno,,Preparar PR para Awesome Sports Analytics
Reddit r/sportsanalytics,Reddit,https://reddit.com/r/sportsanalytics,Metodologia Estadistica & Modelado Deportivo,Global / Online,Muy Alta,Medio-Alto,TOP 5,2026-08-19,,Debates sobre calibracion y Brier score en ligas cortas,,Ninguno,,Comentar en hilos de modelado sin enlaces promocionales
PyData Madrid,Meetup / Presencial,https://meetup.com/PyData-Madrid,Data Science & Machine Learning en Python,Madrid,Alta,Avanzado,TOP 5,2026-08-19,,Tendencias en ingenieria de datos y ML local en Madrid,,Ninguno,,Inscribirse y asistir al proximo meetup presencial
Asoc. Esp. Entrenadores (AEEB),Web / Revista Clinic,https://aeeb.es,Tactica de Baloncesto & Direccion de Equipo,Madrid (Gran Via 69),Alta,Tactico,TOP 5,2026-08-19,,Lenguaje y necesidades reales de entrenadores ACB/FEB,,Ninguno,,Leer articulos de la revista Clinic y revisar calendario de clinics
DuckDB Community,Discord / GitHub,https://discord.duckdb.org,Bases de datos OLAP & SQL Columnar,Global / Online,Muy Alta,Muy Avanzado,Tier A,2026-08-19,,Optimizacion de consultas y particionado Parquet,,Ninguno,,Participar en canal #sql resolviendo dudas puntuales
Reddit r/NBAanalytics,Reddit,https://reddit.com/r/NBAanalytics,Analitica de Baloncesto & Metricas de Tiro,Global / Online,Media-Alta,Medio,Tier A,2026-08-19,,Visualizaciones de espaciado y curvas de tiro,,Ninguno,,Preparar micro-caso de estudio sobre True Shooting longitudinal
Madrid R Users Group,Meetup / Presencial,https://meetup.com/es-ES/madrid-r-users-group,R Tidyverse Quarto & Estadistica,Madrid,Media-Alta,Avanzado,Tier B,2026-08-19,,Nuevas extensiones de Quarto y paquetes de visualizacion,,Ninguno,,Asistir a la proxima sesion bimestral en Madrid
Posit Community,Foro Web,https://forum.posit.co,Quarto CLI Shiny & Ecosistema RStudio,Global / Online,Alta,Muy Avanzado,Tier B,2026-08-19,,Buenas practicas de publicacion de reportes HTML en Quarto,,Ninguno,,Consultar dudas tecnicas sobre renderizado Quarto
Escuela de Entrenadores FBM,Web / Presencial,https://fbm.es,Baloncesto Formativo & Metodologia,Madrid,Alta,Formativo,Tier B,2026-08-19,,Organizacion de ligas de cantera en la Comunidad de Madrid,,Ninguno,,Revisar jornadas tecnicas y cursos federativos
